0;word;слово;frequency;sentiment
1;possible;возможный;446;1
2;use;использование;12;0
3;i;я;2641;0
4;here;Вот;309;0
5;equal;равный;12;0
6;exact;точный;24;1
7;save;спасти;23;0
8;entire;все;37;0
9;valid;действительный;32;1
10;invalid;недействительным;19;-10
11;most;самый;65;1
12;small;маленький;64;-1
13;now;сейчас;415;-1
14;more;Больше;280;0
15;less;Меньше;33;-1
16;already;уже;141;0
17;there;там;522;0
18;best;Лучший;232;1
19;refresh;обновление;14;1
20;floated;;1;0
21;not;не;2226;-1
22;only;только;701;1
23;new;новый;910;1
24;old;старый;89;-1
25;sample;образец;77;0
26;better;лучше;81;1
27;perhaps;возможно;23;-1
28;right;право;219;1
29;visual;визуальный;105;0
30;live;жить;9;-1
31;yet;еще;31;0
32;ready;готовы;13;1
33;so;так;589;0
34;disable;запрещать;24;-1
35;automatic;автоматический;18;1
36;temporarily;;5;-1
37;also;также;529;1
38;web;Web;161;0
39;table;Таблица;83;0
40;newly;вновь;18;1
41;f;е;25;0
42;top;Топ;72;0
43;weird;странный;17;-1
44;least;наименее;40;-1
45;once;один раз;78;0
46;filter;фильтр;44;0
47;properly;должным образом;71;1
48;hardly;;2;-1
49;intended;предназначена;7;0
50;current;ток;207;0
51;required;требуется;24;-1
52;row;строка;13;0
53;directly;непосредственно;57;0
54;significant;значительное;7;0
55;additional;дополнительный;77;0
56;always;всегда;141;1
57;load;нагрузка;17;-1
58;evaluate;;1;0
59;public;общественности;197;0
60;partial;частичный;36;0
61;total;Всего;69;1
62;context;контекст;20;0
63;various;различный;40;0
64;main;главный;150;0
65;standard;стандарт;61;1
66;add;добавлять;56;-1
67;serious;;6;0
68;due;в связи;35;0
69;thus;таким образом;28;0
70;much;много;102;1
71;large;большой;56;1
72;really;действительно;90;0
73;even;четное;206;-1
74;still;еще;177;0
75;basically;в принципе;34;0
76;advanced;;3;0
77;as;как;207;0
78;full;полный;67;1
79;blown;;1;0
80;hello;Привет;68;-10
81;attached;приложенный;312;0
82;enable;включить;21;0
83;disabled;отключен;28;-1
84;first;первый;424;0
85;separate;отдельный;48;0
86;receive;;2;0
87;second;второй;193;0
88;positive;;4;0
89;double;двойной;74;0
90;touch;потрогать;15;0
91;other;Другой;460;0
92;last;прошлой;145;-1
93;focused;сосредоточены;32;0
94;again;снова;180;-1
95;next;следующий;123;0
96;exist;;2;0
97;very;очень;231;-1
98;critical;критический;11;-1
99;down;вниз;33;0
100;relevant;Соответствующий;15;1
101;same;так же;584;0
102;true;правда;484;1
103;please;пожалуйста;55;-10
104;search;поиск;7;0
105;user;пользователь;109;0
106;either;;5;0
107;multiple;множественный;126;0
108;then;затем;653;0
109;tab;табуляция;15;0
110;address;;5;0
111;lots;;1;0
112;primary;первичный;12;0
113;single;не замужем;116;0
114;able;в состоянии;395;1
115;initial;начальная;50;0
116;active;активный;45;0
117;x;Икс;57;0
118;return;;5;0
119;welcome;;2;0
120;visible;видимый;255;-1
121;thanks;;6;0
122;good;хорошо;110;10
123;correctly;правильно;178;1
124;whole;все;56;0
125;soon;скоро;51;1
126;wrong;неправильно;162;-10
127;update;Обновить;53;0
128;fine;отлично;222;1
129;certain;определенный;69;0
130;exception;;2;0
131;related;связанные с;38;0
132;strongly;;2;0
133;typed;;1;0
134;loading;погрузка;22;0
135;following;следующий;243;0
136;just;просто;383;1
137;odd;странный;9;0
138;back;назад;148;0
139;different;разные;275;-1
140;vary;;1;0
141;red;красный;42;0
142;chart;диаграмма;18;0
143;focus;;3;0
144;nearly;около;8;0
145;local;местный;30;0
146;label;этикетка;17;0
147;expected;ожидаемый;12;1
148;calculated;вычисленный;23;0
149;short;короткая;21;-1
150;empty;пустой;118;0
151;furthermore;;3;0
152;blank;пустой;36;-1
153;big;большой;42;1
154;apply;применять;8;0
155;helper;;5;0
156;column;колонка;9;0
157;almost;почти;26;-1
158;impossible;невозможно;26;-10
159;many;много;155;1
160;open;открыть;128;0
161;currently;В настоящее время;177;1
162;original;оригинал;42;0
163;w;вес;7;0
164;instead;вместо;191;-1
165;correct;правильный;106;1
166;strange;странный;45;-10
167;originally;первоначально;7;0
168;p;п;12;0
169;dear;дорогая;60;-10
170;specific;конкретный;110;0
171;bigger;больше;13;1
172;flexible;;6;0
173;special;специальный;31;0
174;direct;непосредственный;15;0
175;complex;сложный;25;-1
176;false;ложный;271;-1
177;key;ключ;60;0
178;simple;просто;141;0
179;bad;плохой;12;-10
180;component;составная часть;16;0
181;successfully;успешно;20;1
182;several;несколько;95;0
183;later;потом;30;-1
184;latest;самый последний;39;1
185;long;долго;50;-1
186;officially;;1;0
187;no;нет;37;-1
188;longer;дольше;55;-1
189;older;старшая;14;-1
190;present;подарок;28;0
191;anywhere;в любом месте;13;0
192;non;не;54;-1
193;virtual;виртуальный;21;0
194;relatively;относительно;7;0
195;curious;;3;0
196;unknown;неизвестный;26;-10
197;twice;дважды;15;0
198;cant;;6;0
199;similar;аналогичный;117;0
200;sure;конечно;76;0
201;lucid;;1;0
202;difficult;сложно;28;-1
203;however;тем не мение;305;0
204;tree;дерево;43;0
205;too;тоже;92;0
206;slow;медленный;40;-1
207;huge;огромный;9;0
208;quite;довольно;45;1
209;previous;предыдущий;79;0
210;real;реальный;35;0
211;anyway;тем не мение;29;0
212;vertical;вертикальный;42;0
213;likely;скорее всего;10;0
214;unfortunately;к несчастью;44;-10
215;smart;умный;9;0
216;easy;легко;38;1
217;custom;обычай;72;1
218;elsewhere;в другом месте;7;0
219;own;своя;107;0
220;recent;недавний;9;0
221;such;такие;81;0
222;horizontal;горизонтальный;27;0
223;negative;отрицательный;14;-10
224;validated;;2;0
225;private;частный;53;0
226;object;объект;193;0
227;entered;поступил;7;0
228;specified;указанный;8;0
229;ahead;;3;0
230;well;Что ж;171;0
231;actual;фактический;43;1
232;actually;на самом деле;73;1
233;little;немного;47;-1
234;somewhat;;3;0
235;type;тип;38;0
236;dimensional;;3;0
237;constantly;;3;0
238;updated;обновленный;19;1
239;populated;;2;0
240;further;в дальнейшем;29;0
241;eventually;;5;0
242;finished;;1;0
243;automatically;автоматически;83;0
244;t;T;256;0
245;arrow;;6;0
246;logic;логика;10;0
247;afraid;;3;0
248;cellular;;1;0
249;input;;2;0
250;cannot;не могу;18;-10
251;register;;1;0
252;native;родные;85;0
253;global;Глобальный;19;0
254;e;е;97;0
255;normal;нормальный;60;1
256;black;черный;26;0
257;modal;;4;0
258;nice;отлично;42;1
259;particular;конкретный;41;0
260;text;текст;94;0
261;clearly;явно;13;1
262;fourth;;3;0
263;unclear;неясно;9;0
264;easily;без труда;22;1
265;accordingly;соответственно;13;1
266;consistent;;5;0
267;pretty;хорошенький;13;10
268;behavior;поведение;15;0
269;useful;полезным;23;1
270;particularly;;5;0
271;extraordinarily;;1;0
272;painful;;1;0
273;template;шаблон;18;0
274;globally;;4;0
275;typically;;3;0
276;rather;скорее;56;1
277;wondered;;1;0
278;inconvenient;;3;0
279;available;имеется в наличии;91;1
280;compact;компактный;8;0
281;accessible;;4;0
282;discrete;;2;0
283;completely;полностью;33;0
284;reliably;;5;0
285;super;;5;0
286;relative;родственник;9;0
287;simplified;упрощенный;7;0
288;nicely;мило;13;1
289;far;далеко;69;-1
290;net;сеть;150;0
291;unable;не в состоянии;61;-1
292;extreme;экстремальный;12;-1
293;angular;угловая;101;0
294;flow;;2;0
295;dynamically;динамично;55;0
296;retained;;1;0
297;inexperienced;;2;0
298;mainly;в основном;8;0
299;ordinary;;1;0
300;somehow;как-то;22;0
301;horizontally;по горизонтали;23;0
302;vertically;вертикально;13;0
303;never;никогда;64;-1
304;safe;;6;0
305;unused;;4;0
306;obviously;очевидно;22;1
307;remotely;;2;0
308;important;важный;35;1
309;hide;скрывать;7;0
310;end;конец;9;0
311;need;;6;0
312;plus;;3;0
313;document;документ;23;0
314;occasionally;;2;0
315;quickly;быстро;20;0
316;maybe;может быть;79;-1
317;together;все вместе;36;0
318;ribbon;;3;0
319;failed;;2;0
320;therefore;следовательно;18;0
321;regular;регулярный;30;1
322;quick;быстрый;24;1
323;toast;;5;0
324;above;выше;41;0
325;didn;А не было;10;0
326;lower;ниже;13;-1
327;common;общий;29;0
328;up;вверх;34;0
329;modern;;5;0
330;columns;столбцы;39;0
331;immediately;немедленно;21;-10
332;solution;;2;0
333;unintentionally;;1;0
334;explicitly;эксплицитно;13;0
335;collapsed;развалился;11;-1
336;usually;обычно;19;-1
337;expanded;расширенный;9;0
338;virtually;;1;0
339;specifically;конкретно;22;0
340;select;Выбрать;58;0
341;selected;выбранный;19;0
342;certainly;;6;0
343;confusing;;6;0
344;intuitive;;3;0
345;summary;резюме;77;0
346;otherwise;иначе;15;-1
347;namely;а именно;7;0
348;recently;относительно недавно;37;0
349;temporary;временный;8;0
350;intermediate;;3;0
351;unnecessary;ненужный;7;0
352;obvious;;6;0
353;great;отличный;39;1
354;smooth;;1;0
355;persistent;стойкий;42;1
356;submit;;4;0
357;sufficient;;6;0
358;item;;6;0
359;finally;в конце концов;17;0
360;content;содержание;31;0
361;collapsible;;4;0
362;click;щелчок;51;0
363;suggested;;4;0
364;sub;суб;23;0
365;curiously;;1;0
366;monthly;;4;0
367;adjacent;;2;0
368;left;оставил;36;-1
369;few;мало;81;-1
370;model;;2;0
371;settings;настройки;8;0
372;appointment;деловое свидание, встреча;20;1
373;stumbling;;1;0
374;extensively;;2;0
375;nowhere;;3;0
376;null;ноль;143;0
377;because;так как;7;0
378;treat;;1;0
379;edited;;4;0
380;side;боковая сторона;10;0
381;green;зеленый;23;1
382;white;белый;40;0
383;hopefully;;6;0
384;potential;;1;0
385;stored;хранится;26;0
386;earlier;ранее;14;-1
387;landscape;;1;0
388;slightly;немного;7;0
389;internally;;1;0
390;static;статический;46;0
391;hidden;скрытый;29;0
392;haven;убежище;7;0
393;detailed;подробный;10;0
394;greatly;значительно;23;1
395;probably;наверное;19;-1
396;proper;правильный;26;0
397;excel;превосходить;40;0
398;sheet;;2;0
399;screen;экран;28;0
400;dispose;;4;0
401;complete;полный;29;1
402;void;недействительным;21;-1
403;name;название;33;0
404;else;еще;60;0
405;invisible;невидимый;33;0
406;internal;внутренний;72;0
407;extremely;;6;0
408;helpful;полезный;12;1
409;enough;довольно;29;1
410;especially;особенно;19;-1
411;individual;индивидуальный;18;1
412;seem;;1;0
413;align;;2;0
414;close;близко;59;-1
415;brief;;3;0
416;basic;основной;27;0
417;forward;вперед;16;0
418;resolved;;2;0
419;wide;широкий;15;0
420;efficient;;6;0
421;windows;окна;18;0
422;preferred;;4;0
423;ago;тому назад;22;0
424;win;выиграть;16;1
425;datum;;1;0
426;inclusive;;1;0
427;grand;большой;13;1
428;code;код;16;0
429;min;;4;0
430;attribute;;5;0
431;declare;;2;0
432;necessary;необходимо;34;-1
433;normalized;;2;0
434;perfectly;в совершенстве;30;1
435;attachment;прикрепление;47;0
436;serial;;1;0
437;corresponding;соответствующий;17;1
438;prior;предшествующий;13;0
439;simply;просто;46;1
440;cancel;;5;0
441;closely;;4;0
442;dashboard;приборная доска;31;0
443;often;довольно часто;18;1
444;unstable;;2;0
445;third;в третьих;20;0
446;thank;;5;0
447;general;генеральный;25;0
448;medical;;6;0
449;manually;вручную;71;-1
450;patient;;5;0
451;b;;5;0
452;start;Начните;12;0
453;preview;;3;0
454;alone;;3;0
455;around;вокруг;17;0
456;slowly;;5;0
457;purple;;3;0
458;bottom;низ;22;0
459;default;;2;0
460;run;бежать;9;0
461;team;;6;0
462;checked;проверено;21;1
463;lunch;;3;0
464;format;формат;25;0
465;stream;;6;0
466;remove;;2;0
467;string;строка;9;0
468;drag;тащить, тянуть;16;-1
469;tip;;1;0
470;rarely;;2;0
471;safari;;5;0
472;data;;5;0
473;xxxx;;3;0
474;sometimes;иногда;42;-1
475;thereby;;3;0
476;bold;смелый;14;1
477;recursive;;5;0
478;width;ширина;53;0
479;easier;Полегче;15;1
480;print;;6;0
481;free;свободно;24;1
482;graphic;;5;0
483;visually;визуально;9;0
484;occasional;;2;0
485;interrupt;;1;0
486;before;;2;0
487;window;окно;12;0
488;viewer;;4;0
489;un;;4;0
490;installed;установлены;7;0
491;hence;;3;0
492;names;;3;0
493;unlikely;;1;0
494;somewhere;где-то;14;0
495;binding;;1;0
496;dimension;;1;0
497;wizard;волшебник;7;0
498;grateful;;1;0
499;choose;;5;0
500;objective;;1;0
501;expression;;2;0
502;exported;;5;0
503;generated;генерироваться;11;0
504;dynamic;динамический;28;0
505;upgrade;Обновить;10;0
506;slower;;5;0
507;frozen;;4;0
508;daily;;5;0
509;weekly;;1;0
510;yearly;;1;0
511;kindly;любезно;27;1
512;urgent;срочный;12;-1
513;stop;;3;0
514;dim;тусклый;14;-1
515;ever;Когда-либо;15;0
516;speed;;1;0
517;call;;6;0
518;function;;5;0
519;anymore;больше не;36;0
520;subject;предмет;8;0
521;ionic;;2;0
522;calculate;;2;0
523;normally;обычно;25;1
524;solid;твердый;11;1
525;undefined;не определено;24;-10
526;honestly;;1;0
527;nil;;3;0
528;individually;в отдельности;9;0
529;tedious;;2;0
530;low;низкий;8;0
531;ask;;1;0
532;yellow;желтый;15;1
533;greater;;6;0
534;unspecified;;4;0
535;neutral;нейтральный;25;0
536;verb;;1;0
537;clear;Чисто;76;1
538;compatible;совместимый;13;0
539;theme;тема;11;0
540;thrown;;3;0
541;execute;выполнять;11;0
542;error;ошибка;16;-10
543;flags;;2;0
544;high;высоко;15;1
545;trust;;1;0
546;modified;модифицированный;11;1
547;blue;синий;10;0
548;pivot;стержень;9;0
549;file;файл;20;0
550;everywhere;;5;0
551;saved;сохранены;8;0
552;fit;поместиться;7;0
553;genuine;;1;0
554;clicked;щелкнул;7;0
555;allow;разрешать;8;0
556;lead;;2;0
557;worksheet;;3;0
558;smaller;меньше;14;-1
559;perfect;идеально;14;10
560;thread;нить;9;0
561;bit;;5;0
562;busy;;3;0
563;aware;знать;19;1
564;extended;;6;0
565;anonymous;анонимный;31;0
566;o;о;7;0
567;library;библиотека;11;0
568;prototype;;3;0
569;n;N;48;0
570;h;;6;0
571;naming;;1;0
572;sometime;;6;0
573;unsupported;;5;0
574;corrupt;;1;0
575;late;поздно;7;0
576;useless;;3;0
577;send;;2;0
578;larger;больше;23;1
579;locale;;2;0
580;tile;;5;0
581;tool;;4;0
582;designer;;1;0
583;localize;;1;0
584;feedback;;2;0
585;generate;;4;0
586;legend;легенда;10;0
587;upper;верхний;16;1
588;endlessly;;2;0
589;see;увидеть;10;0
590;decimal;десятичный;18;0
591;pattern;;5;0
592;grey;;4;0
593;infrequent;;1;0
594;exactly;именно так;37;1
595;like;лайк;21;0
596;forms;;3;0
597;destroy;;3;0
598;constant;;3;0
599;gray;серый;13;0
600;find;;6;0
601;away;далеко;22;0
602;invoked;;2;0
603;usable;;4;0
604;happy;счастливый;9;0
605;fixed;фиксированный;21;1
606;displayed;отображается;10;0
607;delegate;;6;0
608;y;Y;23;0
609;essentially;по существу;8;0
610;skin;;3;0
611;isolated;;2;0
612;recurring;;1;0
613;process;;2;0
614;interval;;3;0
615;possibly;возможно;7;0
616;known;известен;11;1
617;routine;;6;0
618;yes;да;10;0
619;chrome;хром;14;0
620;inside;внутри;16;0
621;alternatively;;4;0
622;hover;;2;0
623;element;;6;0
624;cover;;2;0
625;stupid;;1;0
626;meaningful;;2;0
627;qualitative;;3;0
628;ideal;;2;0
629;appreciated;оценили;22;0
630;about;около;7;0
631;added;добавленной;8;0
632;dirty;;1;0
633;form;форма;14;0
634;associated;связанный;9;0
635;script;скрипт;16;0
636;vs;против;13;0
637;exclude;;1;0
638;purpose;;5;0
639;uncomfortable;;1;0
640;include;;3;0
641;supplemental;;1;0
642;unresolved;;1;0
643;light;свет;12;0
644;incredibly;;1;0
645;insert;вставить;17;0
646;recommended;рекомендуемые;11;1
647;separately;по отдельности;9;0
648;build;строить;14;0
649;scramble;;1;0
650;menu;меню;17;0
651;worked;;3;0
652;classic;классический;7;0
653;adequately;;1;0
654;ideally;в идеале;22;1
655;future;будущее;11;0
656;randomly;случайным образом;10;0
657;idle;;3;0
658;remote;дистанционный пульт;17;0
659;child;ребенок;15;0
660;previously;предварительно;30;1
661;pie;пирог;11;0
662;optional;необязательный;7;0
663;safely;;4;0
664;desired;желательно;20;-1
665;identically;;1;0
666;token;;5;0
667;alternately;;2;0
668;necessarily;;3;0
669;continuously;непрерывно;7;0
670;inherited;унаследованный;7;0
671;wider;;5;0
672;parameter;;4;0
673;whit;;1;0
674;effectively;;6;0
675;straight;;6;0
676;read;читать;14;0
677;title;заглавие;14;0
678;list;список;14;0
679;incremental;дополнительный;10;0
680;matched;;1;0
681;hard;жесткий;24;1
682;entirely;полностью;10;0
683;computed;;7;0
684;physical;;2;0
685;partially;частично;10;0
686;technical;;3;0
687;memo;;2;0
688;minimum;;5;0
689;working;за работой;10;0
690;create;Создайте;11;0
691;define;;5;0
692;presentable;;1;0
693;combine;;4;0
694;dictionary;толковый словарь;19;0
695;array;;4;0
696;locally;;4;0
697;enabled;включен;15;0
698;support;служба поддержки;10;0
699;latter;;2;0
700;animated;;2;0
701;don;дон;10;0
702;raw;;4;0
703;derived;;2;0
704;pasted;;2;0
705;numerous;;6;0
706;do;делать;15;0
707;amazing;;2;0
708;consist;;2;0
709;maximized;;1;0
710;generally;;5;0
711;reasonably;;3;0
712;display;;6;0
713;inner;внутренний;9;0
714;alphabetical;;2;0
715;clue;;2;0
716;recurrent;;2;0
717;average;;6;0
718;sum;;6;0
719;limited;;2;0
720;eventual;;1;0
721;show;;4;0
722;okay;;2;0
723;productive;;3;0
724;diagnostic;;2;0
725;g;г;27;0
726;attach;;1;0
727;initially;первоначально;22;0
728;re;ре;10;0
729;poor;;4;0
730;largest;;2;0
731;advise;консультировать;10;0
732;alignment;;3;0
733;replaced;;3;0
734;clean;;5;0
735;complicated;;1;0
736;deployed;;3;0
737;problematic;;7;0
738;convenient;;3;0
739;maximum;максимальная;12;1
740;applied;;6;0
741;ideas;;2;0
742;folder;;3;0
743;unavailable;;2;0
744;lo;;2;0
745;smallest;;2;0
746;scale;;6;0
747;broken;;4;0
748;abstract;;2;0
749;strip;;4;0
750;typical;;3;0
751;out;;3;0
752;boundary;;2;0
753;logical;;4;0
754;range;;2;0
755;mouse;;4;0
756;alternative;альтернатива;8;0
757;hot;;6;0
758;narrower;;2;0
759;suddenly;;4;0
760;tiny;крошечный;8;0
761;ridiculously;;1;0
762;fix;фиксировать;8;0
763;defined;;6;0
764;page;;6;0
765;unified;;1;0
766;warm;;1;0
767;accept;;4;0
768;integer;;2;0
769;developed;;1;0
770;underlying;;7;0
771;assembly;сборка;15;0
772;level;;4;0
773;external;внешний;11;0
774;confused;;1;0
775;lookup;уважать;11;0
776;lose;;1;0
777;infinite;;3;0
778;mentioned;;1;0
779;early;;6;0
780;shorter;;4;0
781;millimeter;;1;0
782;crisp;;1;0
783;rich;богатые;15;1
784;removed;;1;0
785;closest;;6;0
786;usual;;6;0
787;needlessly;;1;0
788;weekday;;1;0
789;varied;;1;0
790;variant;;1;0
791;friendly;;5;0
792;reasonable;;2;0
793;report;;4;0
794;used;;5;0
795;grouped;группироваться;24;0
796;aggregate;;1;0
797;capable;;3;0
798;mm;;5;0
799;keyboard;;4;0
800;seemingly;;1;0
801;random;случайный;11;0
802;emptied;;1;0
803;upgraded;;4;0
804;successive;;2;0
805;darkened;;1;0
806;highlight;;2;0
807;differently;по-другому;9;0
808;pages;;1;0
809;readable;;5;0
810;lighter;;2;0
811;nest;;1;0
812;merged;;1;0
813;protected;защищенный;9;0
814;yyyy;;5;0
815;seriously;;2;0
816;buried;;1;0
817;meanwhile;;1;0
818;overall;;3;0
819;users;;1;0
820;route;;1;0
821;detail;подробно;8;0
822;base;;5;0
823;inspect;;2;0
824;centralized;;1;0
825;intentionally;;3;0
826;dotted;;2;0
827;variable;переменная;18;0
828;modify;;1;0
829;button;;3;0
830;mostly;в основном;11;0
831;bug;;3;0
832;sound;;1;0
833;unchecked;непроверенный;11;-1
834;unsure;;3;0
835;bin;;3;0
836;obsolete;устарелый;12;-1
837;alert;бдительный;8;0
838;act;;1;0
839;path;;5;0
840;organize;;2;0
841;observe;;1;0
842;domain;;1;0
843;familiar;;4;0
844;apart;;1;0
845;fairly;;6;0
846;ex;;2;0
847;higher;выше;11;1
848;defunct;;1;0
849;bubble;;5;0
850;appropriate;подходящее;12;0
851;weighted;;1;0
852;height;рост;12;1
853;numerical;;2;0
854;independent;независимый;10;0
855;nested;вложенными;23;0
856;unnamed;;1;0
857;join;;2;0
858;catalog;;3;0
859;overflow;;2;0
860;supplier;;2;0
861;comparable;;1;0
862;exceedingly;;1;0
863;rare;;2;0
864;affected;;1;0
865;store;;3;0
866;apparent;;2;0
867;tall;;2;0
868;seek;;2;0
869;contrary;;1;0
870;resource;;2;0
871;themes;;1;0
872;instant;;2;0
873;bud;;1;0
874;edit;редактировать;8;0
875;mode;Режим;9;0
876;mapped;;3;0
877;sparse;;1;0
878;typescript;;1;0
879;extra;дополнительный;28;0
880;u;;6;0
881;weight;;2;0
882;intermittent;;3;0
883;insensitive;;2;0
884;clipped;;1;0
885;powerful;;1;0
886;fast;быстро;10;0
887;install;;6;0
888;provide;;4;0
889;def;;2;0
890;madam;;1;0
891;notice;;4;0
892;unacceptable;;3;0
893;project;;4;0
894;fill;;4;0
895;rubbish;;1;0
896;spread;;2;0
897;suitable;;7;0
898;through;;1;0
899;conditional;условный;11;-1
900;overloaded;;1;0
901;sensitive;;5;0
902;draw;;5;0
903;diagram;диаграмма;8;0
904;moreover;;1;0
905;minor;незначительный;10;0
906;unbound;несвязанный;25;-1
907;convert;;3;0
908;scaled;;3;0
909;major;основной;10;0
910;render;;2;0
911;flat;;6;0
912;overridden;;2;0
913;lazy;ленивый;11;-1
914;loaded;;4;0
915;sluggish;;1;0
916;colorful;;7;0
917;easiest;;3;0
918;sir;;5;0
919;tail;;1;0
920;tried;пытался;10;0
921;center;;3;0
922;stacked;сложены;10;0
923;dumb;;1;0
924;earliest;;2;0
925;fully;от корки до корки;13;1
926;closed;;4;0
927;secondary;вторичный;8;0
928;loops;;1;0
929;incorrect;некорректный;14;-10
930;ignore;;1;0
931;axis;;5;0
932;sudden;;1;0
933;lesson;;1;0
934;human;;2;0
935;approximately;;2;0
936;contain;;1;0
937;effective;;4;0
938;compile;;6;0
939;unlocked;;7;0
940;locked;;2;0
941;repository;хранилище;9;0
942;urban;;1;0
943;indicator;;3;0
944;rebound;;1;0
945;afterward;;1;0
946;teacher;;1;0
947;denied;;1;0
948;eastern;;1;0
949;central;;2;0
950;restore;;1;0
951;restored;;1;0
952;literally;;1;0
953;appropriately;;4;0
954;interesting;интересно;8;0
955;cell;;2;0
956;prepare;;1;0
957;steal;;1;0
958;core;;4;0
959;charts;;1;0
960;sl;;1;0
961;consistently;;3;0
962;identical;;7;0
963;immediate;;4;0
964;silly;;2;0
965;accidentally;;3;0
966;mobile;мобильный;38;0
967;trivial;;3;0
968;funnel;;1;0
969;callable;;1;0
970;material;;5;0
971;observable;наблюдаемый;12;0
972;definitely;;2;0
973;intact;;1;0
974;disposed;;2;0
975;driver;;3;0
976;middle;;5;0
977;handy;;2;0
978;queried;;2;0
979;practical;;3;0
980;dark;темно;9;0
981;suggest;предложить;10;0
982;specially;;3;0
983;past;прошлое;9;0
984;penultimate;;1;0
985;crazy;;6;0
986;immutable;;1;0
987;appreciate;;3;0
988;quickest;;1;0
989;persist;;1;0
990;achieve;;4;0
991;executed;;3;0
992;tight;;1;0
993;newest;;3;0
994;highest;;5;0
995;taller;;1;0
996;oddly;;1;0
997;feels;;2;0
998;hack;;1;0
999;export;;3;0
1000;shot;;3;0
1001;radio;;1;0
1002;opened;;2;0
1003;weirdly;;1;0
1004;unexpected;;7;0
1005;secondly;;6;0
1006;purely;;4;0
1007;lastly;;2;0
1008;plain;;3;0
1009;unrecognized;;2;0
1010;uncommon;;1;0
1011;arbitrary;;1;0
1012;concurrent;;1;0
1013;universal;;4;0
1014;desirable;;2;0
1015;sizes;;1;0
1016;primitive;;1;0
1017;thin;;3;0
1018;heavy;;3;0
1019;secret;;1;0
1020;pro;;5;0
1021;precise;;4;0
1022;feasible;;1;0
1023;dapper;;1;0
1024;test;;6;0
1025;filtered;отфильтрованный;9;0
1026;expandable;;3;0
1027;press;;1;0
1028;roughly;;3;0
1029;broad;;1;0
1030;fortunately;;1;0
1031;gracefully;;2;0
1032;quirk;;1;0
1033;unofficial;;1;0
1034;supported;;6;0
1035;shortly;;1;0
1036;externally;;1;0
1037;r;;4;0
1038;final;окончательный;14;0
1039;record;;1;0
1040;stretch;;1;0
1041;solely;;1;0
1042;inherently;;1;0
1043;header;;5;0
1044;unique;уникальный;14;1
1045;express;экспресс;10;0
1046;pointer;;1;0
1047;strangely;;3;0
1048;simulate;;1;0
1049;therefor;;2;0
1050;luck;;2;0
1051;transparent;;3;0
1052;procedure;;2;0
1053;spell;;3;0
1054;appear;;2;0
1055;equality;;1;0
1056;registered;;3;0
1057;timely;;1;0
1058;cleared;;1;0
1059;vise;;1;0
1060;compressed;;1;0
1061;uncontrollable;;2;0
1062;spin;;1;0
1063;imperial;;1;0
1064;self;;1;0
1065;absolute;;3;0
1066;shared;;3;0
1067;fastest;;2;0
1068;chronological;;1;0
1069;faster;;7;0
1070;equally;;1;0
1071;inaccessible;;2;0
1072;provided;;3;0
1073;tag;;3;0
1074;centered;;1;0
1075;combo;;4;0
1076;extensive;;2;0
1077;financial;;2;0
1078;mean;;2;0
1079;shortest;;1;0
1080;neat;;2;0
1081;trigger;;2;0
1082;needless;;1;0
1083;ultimately;;2;0
1084;determined;;1;0
1085;design;;4;0
1086;named;;3;0
1087;flip;;1;0
1088;partly;;1;0
1089;substitute;;1;0
1090;below;;4;0
1091;foreign;иностранные;12;0
1092;continuous;;7;0
1093;manly;;1;0
1094;bale;;1;0
1095;forever;;3;0
1096;presently;;2;0
1097;guest;;2;0
1098;persisted;;1;0
1099;doc;доктор;9;0
1100;scheduled;;1;0
1101;frank;;2;0
1102;wrapper;;1;0
1103;changed;;2;0
1104;origin;;2;0
1105;adjustable;;1;0
1106;guide;;2;0
1107;setup;;3;0
1108;substantial;;1;0
1109;quota;;1;0
1110;wheel;;2;0
1111;spiral;;1;0
1112;near;;2;0
1113;satisfactory;;2;0
1114;incomplete;;1;0
1115;equivalent;;3;0
1116;logs;;1;0
1117;suspend;;1;0
1118;closer;;2;0
1119;printable;;1;0
1120;wanted;;4;0
1121;sorry;;4;0
1122;filtering;;3;0
1123;write;записывать;8;0
1124;accepted;;1;0
1125;builtin;;1;0
1126;minus;;1;0
1127;thereafter;;1;0
1128;understandable;;1;0
1129;elegant;;4;0
1130;implement;;4;0
1131;outside;;3;0
1132;united;;4;0
1133;messy;;2;0
1134;deferred;;1;0
1135;blob;;2;0
1136;explorer;;2;0
1137;sporadic;;1;0
1138;dependent;;3;0
1139;surface;;1;0
1140;manifest;;5;0
1141;stack;;5;0
1142;half;;2;0
1143;unfriendly;;2;0
1144;matrix;;1;0
1145;longest;;3;0
1146;sole;;1;0
1147;additionally;;5;0
1148;understandably;;1;0
1149;change;;3;0
1150;pity;;1;0
1151;absolutely;;5;0
1152;proverbial;;1;0
1153;oldest;;1;0
1154;listed;;2;0
1155;produced;;1;0
1156;grouping;;1;0
1157;activated;;3;0
1158;merge;;1;0
1159;percent;;3;0
1160;length;;2;0
1161;snap;щелчок;13;0
1162;memory;;2;0
1163;give;;1;0
1164;descendant;;3;0
1165;exciting;;1;0
1166;sliding;;1;0
1167;matter;;1;0
1168;modular;;2;0
1169;subsequent;;3;0
1170;rotated;;1;0
1171;wrongly;;2;0
1172;tentative;;1;0
1173;missed;;1;0
1174;brush;;1;0
1175;trunk;;1;0
1176;urgently;;1;0
1177;wait;;4;0
1178;switched;;1;0
1179;logger;;3;0
1180;outer;;2;0
1181;cumbersome;;1;0
1182;fundamental;;1;0
1183;scheduling;;1;0
1184;viable;;1;0
1185;wish;;5;0
1186;fatal;;3;0
1187;satellite;;2;0
1188;front;;5;0
1189;decrement;;2;0
1190;link;;2;0
1191;john;;1;0
1192;highly;;2;0
1193;marked;;3;0
1194;unload;;2;0
1195;float;;3;0
1196;simplest;;1;0
1197;unobtrusive;;5;0
1198;se;;2;0
1199;secured;;1;0
1200;worse;;5;0
1201;sincerely;;5;0
1202;manual;руководство;10;0
1203;assist;;2;0
1204;root;;4;0
1205;assembled;;1;0
1206;consequently;;3;0
1207;rear;;1;0
1208;diameter;;2;0
1209;proxy;;2;0
1210;navigation;;2;0
1211;backward;;1;0
1212;fire;;2;0
1213;ugly;;4;0
1214;acceptable;;4;0
1215;newer;;5;0
1216;truncated;;3;0
1217;guys;;2;0
1218;fade;;1;0
1219;outstanding;;1;0
1220;indeed;в самом деле;8;0
1221;port;;2;0
1222;whatsoever;;3;0
1223;strictly;;1;0
1224;narrow;;2;0
1225;visited;;1;0
1226;have;;1;0
1227;significantly;;1;0
1228;unrelated;;2;0
1229;lightly;;1;0
1230;bound;;1;0
1231;commercial;;4;0
1232;deep;;3;0
1233;applying;;1;0
1234;post;;1;0
1235;method;;5;0
1236;map;;2;0
1237;das;;1;0
1238;responsive;отзывчивый;9;0
1239;directory;;6;0
1240;respective;;4;0
1241;dash;;2;0
1242;uniquely;;1;0
1243;mathematical;;2;0
1244;dual;;1;0
1245;rendered;;2;0
1246;dispatched;;1;0
1247;ordered;;1;0
1248;declared;;3;0
1249;implemented;;2;0
1250;schematic;;1;0
1251;diverse;;1;0
1252;stable;;1;0
1253;plotted;;1;0
1254;indeterminate;;3;0
1255;mix;;1;0
1256;costly;;1;0
1257;parent;;1;0
1258;fifty;;2;0
1259;throw;;3;0
1260;break;;2;0
1261;box;;5;0
1262;separated;;1;0
1263;applicable;;4;0
1264;tenant;;1;0
1265;none;;1;0
1266;nicer;;5;0
1267;redundant;;2;0
1268;lesser;;1;0
1269;excessive;;2;0
1270;inefficient;;2;0
1271;exploded;;1;0
1272;needed;;2;0
1273;funny;;1;0
1274;respectively;;2;0
1275;paging;;2;0
1276;undo;;3;0
1277;successful;успешный;8;0
1278;regards;;1;0
1279;logically;;2;0
1280;granted;;1;0
1281;abandoned;;1;0
1282;inactive;;4;0
1283;considerable;;1;0
1284;writer;;3;0
1285;banded;;3;0
1286;drastically;;1;0
1287;linear;;4;0
1288;regularly;;1;0
1289;intentional;;1;0
1290;hex;;1;0
1291;awful;;1;0
1292;resulting;;1;0
1293;inconsistent;;1;0
1294;lousy;;1;0
1295;troublesome;;1;0
1296;beautiful;;2;0
1297;want;;1;0
1298;notification;;1;0
1299;suppose;;4;0
1300;along;;2;0
1301;query;;5;0
1302;follow;;3;0
1303;os;;4;0
1304;pressed;;3;0
1305;satisfied;;1;0
1306;unexpectedly;;2;0
1307;built;;1;0
1308;youthful;;1;0
1309;log;;3;0
1310;trim;;3;0
1311;control;;3;0
1312;spark;;1;0
1313;attentive;;1;0
1314;leave;;1;0
1315;worth;;3;0
1316;scaffolding;;2;0
1317;fail;;3;0
1318;fake;;1;0
1319;dashed;;5;0
1320;hourly;;2;0
1321;controller;;1;0
1322;existent;;1;0
1323;inverted;;1;0
1324;enter;;7;0
1325;badly;;1;0
1326;compare;;1;0
1327;awesome;;7;0
1328;ticked;;1;0
1329;acknowledge;;1;0
1330;unacknowledged;;1;0
1331;wil;;1;0
1332;checking;;1;0
1333;leaf;;1;0
1334;commented;;1;0
1335;mixed;;4;0
1336;works;;1;0
1337;pinch;;1;0
1338;alongside;;1;0
1339;crucial;;1;0
1340;permanently;;2;0
1341;syntax;;2;0
1342;natural;;1;0
1343;preflight;;1;0
1344;progress;;1;0
1345;circular;;2;0
1346;note;;1;0
1347;personal;;3;0
1348;broader;;1;0
1349;inserted;;5;0
1350;connect;;1;0
1351;leak;;3;0
1352;printed;;1;0
1353;equivalence;;1;0
1354;unusual;;1;0
1355;cluttered;;1;0
1356;professional;;2;0
1357;totally;;4;0
1358;independently;;3;0
1359;painfully;;1;0
1360;dynamical;;1;0
1361;mistakenly;;1;0
1362;disruptive;;1;0
1363;override;;3;0
1364;couple;;1;0
1365;le;;2;0
1366;groped;;1;0
1367;social;;4;0
1368;illegal;;3;0
1369;instantly;;4;0
1370;distinct;;3;0
1371;refreshed;;1;0
1372;copy;;1;0
1373;slight;;1;0
1374;margin;;1;0
1375;everybody;;1;0
1376;minute;;1;0
1377;die;;1;0
1378;ist;;1;0
1379;boot;;1;0
1380;optimistic;;1;0
1381;appraisal;;2;0
1382;heavily;;2;0
1383;behind;;1;0
1384;notify;;3;0
1385;widest;;1;0
1386;license;;1;0
1387;stamp;;3;0
1388;schedule;;1;0
1389;marker;;1;0
1390;dig;;2;0
1391;strict;;2;0
1392;con;;1;0
1393;point;;1;0
1394;drop;;1;0
1395;deliberately;;1;0
1396;card;;1;0
1397;responsible;;4;0
1398;permanent;;3;0
1399;exclusively;;2;0
1400;excited;;2;0
1401;eleven;;1;0
1402;assign;;2;0
1403;menus;;1;0
1404;assigned;;3;0
1405;administrative;;2;0
1406;missing;;1;0
1407;validating;;1;0
1408;portal;;1;0
1409;piece;;1;0
1410;surely;;1;0
1411;complementary;;1;0
1412;duplicate;;2;0
1413;precisely;;2;0
1414;device;;1;0
1415;thickness;;2;0
1416;nevertheless;;1;0
1417;delayed;;2;0
1418;regardless;;3;0
1419;sent;;1;0
1420;frequently;;4;0
1421;parallel;;1;0
1422;preferably;;3;0
1423;started;;1;0
1424;make;;1;0
1425;incident;;1;0
1426;span;;1;0
1427;rid;избавиться;8;0
1428;appreciative;;1;0
1429;describe;;1;0
1430;graceful;;1;0
1431;corrupted;;1;0
1432;understand;;3;0
1433;functional;;3;0
1434;rapidly;;1;0
1435;athlete;;1;0
1436;whatever;;1;0
1437;fired;;2;0
1438;china;;1;0
1439;labels;;1;0
1440;tiles;;1;0
1441;layout;;4;0
1442;concerned;;1;0
1443;widespread;;1;0
1444;voluntarily;;1;0
1445;alive;;2;0
1446;stuff;;1;0
1447;bounded;;2;0
1448;locking;;2;0
1449;happen;;4;0
1450;underlined;;2;0
1451;occupied;;1;0
1452;over;;4;0
1453;expensive;;1;0
1454;willing;;1;0
1455;advice;;2;0
1456;theirs;;1;0
1457;sort;;2;0
1458;unknowingly;;1;0
1459;thoroughly;;1;0
1460;panels;;1;0
1461;unwanted;;2;0
1462;adequate;;1;0
1463;endless;;1;0
1464;rows;;3;0
1465;nodes;;1;0
1466;usage;;2;0
1467;unmodified;;1;0
1468;cleanly;;1;0
1469;mandatory;;6;0
1470;underline;;1;0
1471;unbounded;;1;0
1472;video;;2;0
1473;steep;;1;0
1474;unlimited;;1;0
1475;impressive;;1;0
1476;worried;;2;0
1477;minimally;;1;0
1478;frame;;2;0
1479;affect;;4;0
1480;trace;;2;0
1481;interested;;6;0
1482;industrial;;1;0
1483;searching;;1;0
1484;fancy;;1;0
1485;contiguous;;2;0
1486;files;;1;0
1487;radial;;3;0
1488;running;;2;0
1489;implicit;;3;0
1490;docked;;1;0
1491;loose;;1;0
1492;lightness;;1;0
1493;animate;;1;0
1494;stops;;1;0
1495;become;;1;0
1496;frustrating;;2;0
1497;cross;;1;0
1498;layer;;3;0
1499;redirect;;1;0
1500;alias;;3;0
1501;texts;;3;0
1502;worst;;2;0
1503;unpredictable;;1;0
1504;detect;;1;0
1505;digit;;1;0
1506;conveniently;;1;0
1507;litle;;1;0
1508;reopen;;2;0
1509;reproducible;;4;0
1510;obscure;;1;0
1511;untouched;;1;0
1512;potentially;;3;0
1513;spaced;;1;0
1514;visibly;;1;0
1515;technically;;1;0
1516;indirectly;;1;0
1517;off;;1;0
1518;account;;1;0
1519;apparently;;3;0
1520;crash;;1;0
1521;argument;;3;0
1522;improperly;;1;0
1523;sofa;;1;0
1524;whereas;;1;0
1525;thicker;;1;0
1526;vast;;1;0
1527;appearance;;1;0
1528;efficiently;;1;0
1529;relational;;1;0
1530;collect;;1;0
1531;apt;;2;0
1532;needle;игла;8;0
1533;alternate;;1;0
1534;accurate;;1;0
1535;grammatically;;1;0
1536;unloaded;;1;0
1537;associate;;2;0
1538;official;;1;0
1539;gather;;1;0
1540;anchored;;2;0
1541;explicit;;2;0
1542;unchanged;;2;0
1543;unpaid;;1;0
1544;incompatible;;1;0
1545;measurement;;1;0
1546;suite;;2;0
1547;indefinitely;;1;0
1548;listening;;1;0
1549;unsuccessful;;1;0
1550;useable;;1;0
1551;drastic;;1;0
1552;nearest;;1;0
1553;times;;1;0
1554;opposite;;2;0
1555;rectangle;;2;0
1556;minimal;;1;0
1557;arabic;;2;0
1558;simultaneously;;2;0
1559;repeated;;1;0
1560;longshot;;1;0
1561;biggest;;2;0
1562;container;;1;0
1563;introduced;;1;0
1564;directive;;1;0
1565;suffix;;1;0
1566;aligned;;3;0
1567;l;;2;0
1568;matching;;1;0
1569;disappear;;2;0
1570;freshly;;1;0
1571;found;;1;0
1572;respondent;;1;0
1573;requirement;;1;0
1574;understanding;;3;0
1575;truly;;1;0
1576;lime;;2;0
1577;married;;1;0
1578;chosen;;2;0
1579;unifying;;1;0
1580;reliable;;2;0
1581;application;;1;0
1582;step;;1;0
1583;let;;1;0
1584;cleaner;;1;0
1585;vous;;1;0
1586;pour;;1;0
1587;est;;3;0
1588;une;;1;0
1589;digital;;1;0
1590;anytime;;3;0
1591;rebuild;;1;0
1592;dedicated;;1;0
1593;dropped;;1;0
1594;bower;;2;0
1595;similarly;;4;0
1596;blurry;;1;0
1597;preparatory;;1;0
1598;compress;;1;0
1599;fewer;;1;0
1600;skipped;;1;0
1601;dead;;1;0
1602;freezes;;1;0
1603;request;;1;0
1604;bellow;;1;0
1605;periodically;;1;0
1606;scalar;;1;0
1607;embedded;;2;0
1608;analogous;;1;0
1609;drill;;1;0
1610;female;;1;0
1611;result;;1;0
1612;integrate;;1;0
1613;reproduce;;1;0
1614;publish;;4;0
1615;all;;1;0
1616;underlining;;1;0
1617;freely;;1;0
1618;feel;;1;0
1619;massive;;1;0
1620;lowest;;1;0
1621;naturally;;1;0
1622;stubbornly;;1;0
1623;questionable;;1;0
1624;pen;;3;0
1625;whichever;;1;0
1626;avoid;;1;0
1627;automated;;1;0
1628;allowed;;1;0
1629;cool;;2;0
1630;anew;;1;0
1631;straightforward;;1;0
1632;clearer;;2;0
1633;winded;;1;0
1634;smallish;;1;0
1635;shifts;;1;0
1636;terminal;;1;0
1637;across;;1;0
1638;frustrated;;1;0
1639;depth;;1;0
1640;reserved;;1;0
1641;sharp;;2;0
1642;per;;1;0
1643;volatile;;1;0
1644;nervous;;1;0
1645;wired;;2;0
1646;perplexing;;1;0
1647;scientific;;1;0
1648;extraneous;;1;0
1649;finish;;1;0
1650;simpler;;1;0
1651;formula;;1;0
1652;fifth;;1;0
1653;favorite;;1;0
1654;received;;1;0
1655;profile;;1;0
1656;ther;;2;0
1657;restful;;1;0
1658;ultimate;;1;0
1659;sadly;;1;0
1660;agree;;1;0
1661;fabric;;1;0
1662;inseparable;;1;0
1663;misbehavior;;1;0
1664;conventional;;1;0
1665;essential;;1;0
1666;stick;;1;0
1667;halfway;;1;0
1668;phantom;;1;0
1669;dummy;;3;0
1670;achieving;;1;0
1671;perpetual;;1;0
1672;touchdown;;1;0
1673;nearby;;1;0
1674;triangular;;1;0
1675;sizeable;;1;0
1676;elegantly;;1;0
1677;illogical;;1;0
1678;whopping;;1;0
1679;elemental;;1;0
1680;included;;2;0
1681;retrieved;;1;0
1682;legislative;;1;0
1683;licensed;;1;0
1684;expired;;1;0
1685;rightful;;1;0
1686;progressive;;1;0
1687;explained;;1;0
1688;formulas;;1;0
1689;k;;1;0
1690;hybrid;;2;0
1691;handle;;1;0
1692;slim;;1;0
1693;vital;;1;0
1694;categorical;;1;0
1695;simultaneous;;1;0
1696;scaffold;;2;0
1697;workable;;1;0
1698;created;;1;0
1699;valuable;;1;0
1700;navigator;;1;0
1701;pipe;;1;0
1702;behaviour;;2;0
1703;fresh;;1;0
1704;realistic;;1;0
1705;contrast;;1;0
1706;deactivated;;1;0
1707;integrated;;2;0
1708;awkward;;2;0
1709;smoother;;1;0
1710;enormous;;1;0
1711;bright;;1;0
1712;scenarios;;1;0
1713;desperately;;2;0
1714;char;;1;0
1715;mapping;;1;0
1716;la;;1;0
1717;farthest;;1;0
1718;confident;;1;0
1719;subscribe;;1;0
1720;threading;;1;0
1721;showing;;1;0
1722;frankly;;1;0
1723;master;;3;0
1724;definitive;;1;0
1725;bread;;1;0
1726;respectfully;;1;0
1727;utterly;;1;0
1728;mine;;1;0
1729;trimming;;1;0
1730;undesirable;;1;0
1731;en;;2;0
1732;weaker;;1;0
1733;set;;2;0
1734;navigate;;1;0
1735;titled;;1;0
1736;math;;1;0
1737;conversely;;1;0
1738;crystal;;7;0
1739;primarily;;1;0
1740;tables;;1;0
1741;subsequently;;1;0
1742;immensely;;1;0
1743;urgency;;1;0
1744;upgrading;;1;0
1745;undeclared;;1;0
1746;begin;;1;0
1747;shadow;;1;0
1748;described;;1;0
1749;electronic;;1;0
1750;split;;1;0
1751;um;;1;0
1752;em;Эм;10;0
1753;journal;;5;0
1754;extrapolate;;1;0
1755;mad;;3;0
1756;prop;;1;0
1757;appended;;1;0
1758;eagerly;;1;0
1759;topmost;;1;0
1760;incidentally;;1;0
1761;thumb;;1;0
1762;narrator;;1;0
1763;localized;;1;0
1764;framework;;1;0
1765;supporter;;1;0
1766;rounded;;1;0
